LRGASP_id	transcript	isoform	chrom	strand	length	exons	structural_category	associated_gene	associated_transcript	ref_length	ref_exons	diff_to_TSS	diff_to_TTS	diff_to_gene_TSS	diff_to_gene_TTS	subcategory	RTS_stage	all_canonical	min_sample_cov	min_cov	min_cov_pos	sd_cov	FL	n_indels	n_indels_junc	bite	iso_exp	gene_exp	ratio_exp	FSM_class	coding	ORF_length	CDS_length	CDS_start	CDS_end	CDS_genomic_start	CDS_genomic_end	predicted_NMD	perc_A_downstream_TTS	seq_A_downstream_TTS	dist_to_cage_peak	within_cage_peak	pos_cage_peak	dist_to_polya_site	within_polya_site	polyA_motif	polyA_dist	ORF_seq	TSS_genomic_coord	TTS_genomic_coord	experiment_id	entry_id
Intergenic_contig_14815_pilon_-_17319_18316_18448_19747_19901_20917_21111_22059_22112_22702_22765_23250	NNC-130498	transcript_10754.known	contig_14815_pilon	-	1537	7	Intergenic	novelGene_7444	novel	NA	NA	NA	NA	NA	NA	multi-exon	TRUE	canonical	5	686	junction_1	102.115403125853	580	0	NA	FALSE	0	NA	NA	A	coding	262	789	108	896	22749	17106	FALSE	25	AAAATTATTTTTTTCTGTGC	NA	NA	NA	NA	NA	NA	NA	MAAAPELNGDVMNYYSDNEDNLFFETDGPKQMKCCFQDLDLCSPGDGGIRLQISQQHHNRSFKRVVSVIVAVEKLKTILVPCSQSFLTTIFSFIFEEEPINYDDAYECDAAVLSLNCRLRDIDQKCLVLSGPCELQALHLNEQDIDRQVVFSMIFVQGEINQEKIPVALGLRGKNVYLSCVMSNGKPTLQLETVDPKRYPRKKMEKRFVFNKLQVKDKLEFESAEYPNWYISTSQMEEMPVFLGNTRGGQDITDFTMEEISS	23342	16464	manatee_cdna_pacbio	iso_detect_de_novo_spbu_long_genome_cdna_pacbio
Intergenic_contig_10129_pilon_+_179247_180347_180416_180523_180566_182560_182642_182916_182959_183796_184121_184855	NNC-123200	transcript_1145.known	contig_10129_pilon	+	1481	7	Intergenic	novelGene_324	novel	NA	NA	NA	NA	NA	NA	multi-exon	FALSE	canonical	4	17	junction_1	3.94405318873308	25	0	NA	FALSE	0	NA	NA	A	coding	304	915	113	1027	180362	185227	FALSE	20	AAGTTGATGGTGTCAGGTGC	NA	NA	NA	NA	NA	NA	NA	QQPEKAGQCSSSIPSLTGLFRQLQPSQPDTNQGKTTTMRIAVIYFCLLGIAYALPVKHQADSGSSEEKQLYSKYPDAVDTWLKPDPSYKQILLAPQNAVSSEETDDLKQETLPSKSSESQDQTDSVDDEDDGEQVDSQDPIDSDDTHEDDHTDDSNHSNESNHSDESDELVTDFPTDDPATSVFTPAVPTVDTYDGRGDSVVYRLRSKSKKIPRSDIQHPHATEEDSISQMESKMLDDAHKAIPVISSLKKPFDWDSYQQDSRETSQQDDHSVETHSQEQYKVYKLKANDVSSEHSDTIHSQEDSRVSDELHSREDKYYPDPKSEEEDKHLKFRISHELES	179148	185681	manatee_cdna_pacbio	iso_detect_de_novo_spbu_long_genome_cdna_pacbio
Intergenic_contig_18545_pilon_+_249342_257583_257718_301890_301972_303366_303499_305302_305357_308460	NNC-252608	transcript_14903.known	contig_18545_pilon	+	1946	6	Intergenic	novelGene_10417	novel	NA	NA	NA	NA	NA	NA	multi-exon	FALSE	canonical	4	17	junction_5	17.8661691473018	29	0	NA	FALSE	0	NA	NA	A	coding	176	531	746	1276	249332	308580	FALSE	80	AAAAAAAAAAACAACAACAG	NA	NA	NA	NA	NA	NA	NA	MFHVSFRYIFGIPPLILVLLPAASSDCDIEGRKGNEYEKVLMISINRLDNVIEIGSNCPTNESNFLKKHSCDDNKEAMFLYRAARKLKQFLKMNISEDFNLHLLIVSEGTLKLLNCTGKVKERKAPSQGEGQPIKNLEENKLLKEQKKWNDLCFLRRLLEKMKTCWNKILRGAKDP	248586	309250	manatee_cdna_pacbio	iso_detect_de_novo_spbu_long_genome_cdna_pacbio
Intergenic_contig_18545_pilon_+_249342_257640_257718_301890_301972_303366_303499_305302_305357_308460	NNC-298417	transcript_14904.known	contig_18545_pilon	+	2437	6	Intergenic	novelGene_10418	novel	NA	NA	NA	NA	NA	NA	multi-exon	FALSE	canonical	0	0	junction_1	22.6944927240069	16	0	NA	FALSE	0	NA	NA	A	coding	157	474	746	1219	249332	308580	FALSE	85	AACAATAAAAAAAATAAAAA	NA	NA	NA	NA	NA	NA	NA	MFHASSDCDIEGRKGNEYEKVLMISINRLDNVIEIGSNCPTNESNFLKKHSCDDNKEAMFLYRAARKLKQFLKMNISEDFNLHLLIVSEGTLKLLNCTGKVKERKAPSQGEGQPIKNLEENKLLKEQKKWNDLCFLRRLLEKMKTCWNKILRGAKDP	248586	309798	manatee_cdna_pacbio	iso_detect_de_novo_spbu_long_genome_cdna_pacbio
Intergenic_contig_18545_pilon_+_303499_308460	ISM-314146	transcript_14905.known	contig_18545_pilon	+	1583	2	Intergenic	novelGene_10419	novel	NA	NA	NA	NA	NA	NA	multi-exon	FALSE	canonical	0	0	junction_1	0	19	0	NA	FALSE	0	NA	NA	A	non_coding	NA	NA	NA	NA	NA	NA	NA	85	AACAATAAAAAAAATAAAAA	NA	NA	NA	NA	NA	NA	NA	NA	303253	309798	manatee_cdna_pacbio	iso_detect_de_novo_spbu_long_genome_cdna_pacbio
Intergenic_contig_12137_pilon_+_358596_358875_359024_371703_371855_372605_372876_374809	FSM-11716	transcript_6013.known	contig_12137_pilon	+	1268	5	Intergenic	novelGene_4009	novel	NA	NA	NA	NA	NA	NA	multi-exon	FALSE	canonical	4	141	junction_1	34.9383385409209	44	0	NA	FALSE	0	NA	NA	A	coding	260	783	143	925	358532	374959	FALSE	20	AGGTATACCTTGTGATTTCT	NA	NA	NA	NA	NA	NA	NA	MARFSSFSLFFIIAGAYMTPECFNMKIIGGREVSPHSMPFMASIQYDGTHVCGGVLIHQQWILTAAHCQLHFAKGKSPKVVLGAHSLSKNEASKQIFEIKKLIPFSRFKSDPKSNDIMLIKLHTAAKLDKNVQLLHIRFKNDIRAGTKCQVAGWGTTEPDSLSPSDTLQKVTVTVISRKLCNSQSYYNHNPIITKDMVCAGDTKGQKDSCRGDSGGPLICKGVFCAIVSGGHKCGEAKKPGIYTLLTKKYEAWIKSKLAS	358389	375302	manatee_cdna_pacbio	iso_detect_de_novo_spbu_long_genome_cdna_pacbio
Intergenic_contig_10129_pilon_+_179247_180347_180416_180523_180566_182560_182642_182916_182959_183796_184121_184855	NNC-123200	transcript_10102.known	contig_10129_pilon	+	1506	7	Intergenic	novelGene_856	novel	NA	NA	NA	NA	NA	NA	multi-exon	FALSE	canonical	4	17	junction_1	3.94405318873308	40	0	NA	FALSE	0	NA	NA	A	coding	304	915	136	1050	180362	185227	FALSE	10	GTTGATGGTGTCAGGTGCTT	NA	NA	NA	NA	NA	NA	NA	ILGGPGCPQQPEKAGQCSSSIPSLTGLFRQLQPSQPDTNQGKTTTMRIAVIYFCLLGIAYALPVKHQADSGSSEEKQLYSKYPDAVDTWLKPDPSYKQILLAPQNAVSSEETDDLKQETLPSKSSESQDQTDSVDDEDDGEQVDSQDPIDSDDTHEDDHTDDSNHSNESNHSDESDELVTDFPTDDPATSVFTPAVPTVDTYDGRGDSVVYRLRSKSKKIPRSDIQHPHATEEDSISQMESKMLDDAHKAIPVISSLKKPFDWDSYQQDSRETSQQDDHSVETHSQEQYKVYKLKANDVSSEHSDTIHSQEDSRVSDELHSREDKYYPDPKSEEEDKHLKFRISHELES	179125	185683	manatee_cdna_ont	iso_detect_de_novo_spbu_long_genome_cdna_ont
Intergenic_contig_6299_pilon_+_952879_956535_956846_960604_960796_961448_961597_961938_962110_963194_963376_964792_965074_965166_965713_966637_966820_967778	NNC-302078	transcript_149147.known	contig_6299_pilon	+	3531	10	Intergenic	novelGene_45120	novel	NA	NA	NA	NA	NA	NA	multi-exon	FALSE	canonical	0	0	junction_7	95.8812279674348	260	0	NA	FALSE	0	NA	NA	A	coding	754	2265	227	2491	956551	968048	FALSE	5	TCTTGATGTTTTGTGTTTGT	NA	NA	NA	NA	NA	NA	NA	MAEQLLPLALYLSNMRKAVKIRERTPEDIFKPTNGIIHHFKTMHRYTLEMFRTCQFCPQFREIIHKALIDRNIQASLESQRKLNWCREVRKLVALKTNGDGNCLMHAASQYMWGVQDTDLVLRKALFSTLKETDTRNFKFRWQLESLKSQEFVETGLCYDTRNWNDEWDNLVKMASTDTPGARGGFQYHSLEEIHIFVLCNILRRPIIVISDKMLRSLESGSNFAPLKVGGIYLPLHWPAQECYRYPIVLGYDSQHFVPLVTLKDSGPEIRAVPLVNRDRGRFEDLKVHFLTDPENEMKEKLLKEYLMVIEIPVQGWDLGTTHLINAAKLDEANLPKEINLVDDYFELVQHEYKKWQENNQQGRREMHVQNPLEPSMPQLSLMDVKCETPNCPFFMSVNTQPLCHECSERWQKNKNKPPKLNSGGPHSAPPTAPSLFLFSETTAMKCRSPGCPFTLNVQHNGFCERCHNAQQLNTSRNVDPKRHLDAGKCRACLQDATRTFNGICSTCFKRTTTEPSSSLGPSALPSCHQRSKSDPSQLTQSLSPHSCHRAGGEAPSGCLSQAARTPEDRTGTSKCRKAGCMYFGTPENKGFCTLCFIEYSENKHFVAASGKANPTASRFQNTVPCLGRECGTLGSTMFEGYCQKCFIEAQNQRFHEAKRTEEQLRSSQRRDVARTTQSSSRPKCARASCKNILACRNEELCMECQHLSQRVAPAPLRGEPAPEEPPQAALPGPCLRALRQHQVQRLLQRVLSV	952667	969088	manatee_cdna_ont	iso_detect_de_novo_spbu_long_genome_cdna_ont
Intergenic_contig_6343_pilon_-_284695_289630	NIC-121112	transcript_149405.known	contig_6343_pilon	-	1894	2	Intergenic	novelGene_45221	novel	NA	NA	NA	NA	NA	NA	multi-exon	FALSE	canonical	0	0	junction_1	0	129	0	NA	FALSE	0	NA	NA	A	coding	247	744	397	1140	289760	284081	FALSE	20	CTTTGACTCCCTCGAATTCA	NA	NA	NA	NA	NA	NA	NA	MNLPAILFCAFWAVVSAENSDDYDLMYVNLDNEIDNGIHSTEERCETAILFPMRSKKIFGSVHPVTPMKLESFSACLWVKATDVFNKTILFSYGTKRNPYEIQLYLSYQSTVLVVGGEGNRLVADTVISVGRWTHLCGTWASETGRMSLWVNGELAATAVKMVPGHVVPEGGILQIGQEKNGCCVGGGFDETLAFSGRLTGFNIWDHVLSHEEIRETGEAESCHLRGNVVGWGVTEIQPHGGAQYIL	290156	283326	manatee_cdna_ont	iso_detect_de_novo_spbu_long_genome_cdna_ont
Intergenic_contig_7963_pilon_+_246877_247359_247475_247606_247738_248514_248721_249146_249345_250120_250250_250407_250597_251106_251281_251519_251683_251956_252094_252903_253521_265708	NNC-303935	transcript_175333.known	contig_7963_pilon	+	3080	12	Intergenic	novelGene_53339	novel	NA	NA	NA	NA	NA	NA	multi-exon	FALSE	canonical	0	0	junction_11	163.745064905761	380	0	NA	FALSE	0	NA	NA	A	coding	520	1563	1081	2643	247452	253116	TRUE	40	GTAATGTAATGAACTATCAC	NA	NA	NA	NA	NA	NA	NA	MSLLTIASAVLEFLGDGIYGSTMGHMHSRLQGDVFQAVLRQETEFFQQNQTGAITSRVTEDTSTLSESLSEKLNLLMWYLVRGLCLLGLMLWESLTLTMVTLVTLPLLFLLPKKLGKWEQLLAVRVQKSLAESSQVAIEALSAMPTVRSFANEEGEDRRFRQKLQEMKTLNKQEALAYAVTYWTTSISGMLLKVGILYIGGQLVTSGTVSSGNLVAFVLYQIQFTTAIEVLLNTYPSVQKAVGSSEKIFEYLDRTPCCPASGPLASLNLEGYVQFQDVSFAYPTQPDVPVLKGLTFTLSPGEVTALVGTNGSGKSTVAALLQNLYQPTGGQLLLDGKPLPQYEHRYLHKQVAAVGQEPQIFGRSFRENIAYGMTQEPDMEEITAAAKESGAHSFISVLPQGYNTEVGEAGGQLSGGQRQAVALARALIRKPRVLILDDATSALDADNQSRVEQLLYDSPHRFSRSVLLITQRLSLVQRANQILFLEEGTISEARTHQQLMENGGRYWAMVQAPEGPDAPE	245888	265741	manatee_cdna_ont	iso_detect_de_novo_spbu_long_genome_cdna_ont
Intergenic_contig_7963_pilon_+_246877_247606_247738_248514_248721_249146_249345_250120_250250_250407_250597_251106_251281_251519_251683_251956_252094_252903	FSM-158881	transcript_175347.known	contig_7963_pilon	+	2313	10	Intergenic	novelGene_53340	novel	NA	NA	NA	NA	NA	NA	multi-exon	FALSE	canonical	4	10	junction_1	176.135750116596	1220	0	NA	FALSE	0	NA	NA	A	coding	498	1497	413	1909	247650	253116	FALSE	5	GTGGTTTCTAGTGTGTTTCT	NA	NA	NA	NA	NA	NA	NA	ATADSKSESAQGQGWLAALEPLAAALGLALPGLALFRELGSWGVPRNSDSTKLLHWASRPDALVLSYIAVLPAAVLWHKLESLWVHGGQGGFWRCGYSTTTLHRPGDTPLPAGSGPVDLLLSRAVLEFLGDGIYGSTMGHMHSRLQGDVFQAVLRQETEFFQQNQTGAITSRVTEDTSTLSESLSEKLNLLMWYLVRGLCLLGLMLWESLTLTMVTLVTLPLLFLLPKKLGKWEQLLAVRVQKSLAESSQVAIEALSAMPTVRSFANEEGEDRRFRQKLQEMKTLNKQEALAYAVTYWTTSISGMLLKVGILYIGGQLVTSGTVSSGNLVAFVLYQIQFTTAIEVLLNTYPSVQKAVGSSEKIFEYLDRTPCCPASGPLASLNLEGYVQFQDVSFAYPTQPDVPVLKGLTFTLSPGEVTALVGTNGSGKSTVAALLQNLYQPTGGQLLLDGKPLPQYEHRYLHKQVAAVGQEPQIFGRSFRENIAYGMTQEPDMEEITAAAKESGAHSFISVLPQGYNTEVGEAGGQLSGGQRQAVALARALIRKPRVLILDDATSALDADNQSRVEQLLYDSPHRFSRSVLLITQRLSLVQRANQILFLEEGTISEARTHQQLMENGGRYWAMVQAPEGPDAPE	246507	253520	manatee_cdna_ont	iso_detect_de_novo_spbu_long_genome_cdna_ont
Intergenic_contig_12072_pilon_-_26108_27938_28074_31038_31099_31190	FSM-11703	transcript_39552.known	contig_12072_pilon	-	729	4	Intergenic	novelGene_10138	novel	NA	NA	NA	NA	NA	NA	multi-exon	FALSE	canonical	1	1	junction_1	1.4142135623731	33	0	NA	FALSE	0	NA	NA	A	coding	108	327	116	442	31211	25997	FALSE	20	CCTAGGTATTGCTTATTATG	NA	NA	NA	NA	NA	NA	NA	QLLSCIVLTLALITNSAPTSSSAKETQQQLEQLLLDLRMLLVRVKNYEPRRLSMMFTFKFNMPKKATELKHLQCLVEELKPLEDVLNVAPSKQNTRELISNINVTALELQGSKTPFMCEYDDKAATIEEFLNNWIAFCQRIISTLT	31326	25709	manatee_cdna_ont	iso_detect_de_novo_spbu_long_genome_cdna_ont
Intergenic_contig_12137_pilon_+_358596_358875_359024_371703_371855_372605_372876_374809	FSM-11716	transcript_40593.known	contig_12137_pilon	+	1108	5	Intergenic	novelGene_10499	novel	NA	NA	NA	NA	NA	NA	multi-exon	FALSE	canonical	4	141	junction_1	34.9383385409209	808	0	NA	FALSE	0	NA	NA	A	coding	243	732	128	859	358583	374959	FALSE	50	TAAGGTATAGCAAATGATAA	NA	NA	NA	NA	NA	NA	NA	MTPECFNMKIIGGREVSPHSMPFMASIQYDGTHVCGGVLIHQQWILTAAHCQLHFAKGKSPKVVLGAHSLSKNEASKQIFEIKKLIPFSRFKSDPKSNDIMLIKLHTAAKLDKNVQLLHIRFKNDIRAGTKCQVAGWGTTEPDSLSPSDTLQKVTVTVISRKLCNSQSYYNHNPIITKDMVCAGDTKGQKDSCRGDSGGPLICKGVFCAIVSGGHKCGEAKKPGIYTLLTKKYEAWIKSKLAS	358455	375208	manatee_cdna_ont	iso_detect_de_novo_spbu_long_genome_cdna_ont
Intergenic_contig_14815_pilon_-_17319_18316_18448_19747_19901_20917_21111_22059_22112_22702_22765_23250	NNC-130498	transcript_67911.known	contig_14815_pilon	-	2345	7	Intergenic	novelGene_18815	novel	NA	NA	NA	NA	NA	NA	multi-exon	FALSE	canonical	5	686	junction_1	102.115403125853	1274	0	NA	FALSE	0	NA	NA	A	coding	262	789	106	894	22749	17106	FALSE	40	CAGGCAATGGATATGAATAG	NA	NA	NA	NA	NA	NA	NA	MAAAPELNGDVMNYYSDNEDNLFFETDGPKQMKCCFQDLDLCSPGDGGIRLQISQQHHNRSFKRVVSVIVAVEKLKTILVPCSQSFLTTIFSFIFEEEPINYDDAYECDAAVLSLNCRLRDIDQKCLVLSGPCELQALHLNEQDIDRQVVFSMIFVQGEINQEKIPVALGLRGKNVYLSCVMSNGKPTLQLETVDPKRYPRKKMEKRFVFNKLQVKDKLEFESAEYPNWYISTSQMEEMPVFLGNTRGGQDITDFTMEEISS	23340	15654	manatee_cdna_ont	iso_detect_de_novo_spbu_long_genome_cdna_ont
Intergenic_contig_14815_pilon_-_18448_19747_19901_20917_21111_22059_22112_22702_22765_23250	NNC-130500	transcript_67919.known	contig_14815_pilon	-	5449	6	Intergenic	novelGene_18813	novel	NA	NA	NA	NA	NA	NA	multi-exon	TRUE	canonical	5	705	junction_3	95.0675549280616	89	0	NA	FALSE	0	NA	NA	A	coding	226	681	106	786	22749	18212	FALSE	45	GTAGTACTGAAATGGAACAA	NA	NA	NA	NA	NA	NA	NA	MAAAPELNGDVMNYYSDNEDNLFFETDGPKQMKCCFQDLDLCSPGDGGIRLQISQQHHNRSFKRVVSVIVAVEKLKTILVPCSQSFLTTIFSFIFEEEPINYDDAYECDAAVLSLNCRLRDIDQKCLVLSGPCELQALHLNEQDIDRQVVFSMIFVQGEINQEKIPVALGLRGKNVYLSCVMSNGKPTLQLEVSEYQRLRVLLRHPSKHPHHHLLPRQPPSPSQKI	23340	13548	manatee_cdna_ont	iso_detect_de_novo_spbu_long_genome_cdna_ont
Intergenic_contig_14815_pilon_-_13571_16457_17319_18316_18448_19747_19901_20917_21111_22059_22112_22702_22765_23250	NNC-297076	transcript_67927.known	contig_14815_pilon	-	1564	8	Intergenic	novelGene_18814	novel	NA	NA	NA	NA	NA	NA	multi-exon	FALSE	non_canonical	0	0	junction_1	297.57516628885	1545	0	NA	FALSE	0	NA	NA	A	coding	262	789	106	894	22749	17106	TRUE	45	GTAGTACTGAAATGGAACAA	NA	NA	NA	NA	NA	NA	NA	MAAAPELNGDVMNYYSDNEDNLFFETDGPKQMKCCFQDLDLCSPGDGGIRLQISQQHHNRSFKRVVSVIVAVEKLKTILVPCSQSFLTTIFSFIFEEEPINYDDAYECDAAVLSLNCRLRDIDQKCLVLSGPCELQALHLNEQDIDRQVVFSMIFVQGEINQEKIPVALGLRGKNVYLSCVMSNGKPTLQLETVDPKRYPRKKMEKRFVFNKLQVKDKLEFESAEYPNWYISTSQMEEMPVFLGNTRGGQDITDFTMEEISS	23340	13548	manatee_cdna_ont	iso_detect_de_novo_spbu_long_genome_cdna_ont
Intergenic_contig_18545_pilon_+_249342_257583_257718_301890_301972_303366_303499_305302_305357_308460	NNC-252608	transcript_91744.known	contig_18545_pilon	+	5533	6	Intergenic	novelGene_26159	novel	NA	NA	NA	NA	NA	NA	multi-exon	FALSE	canonical	4	17	junction_5	17.8661691473018	88	0	NA	FALSE	0	NA	NA	A	coding	176	531	4050	4580	249332	308580	FALSE	35	CTACCAGATTCATTTAATGA	NA	NA	NA	NA	NA	NA	NA	MFHVSFRYIFGIPPLILVLLPAASSDCDIEGRKGNEYEKVLMISINRLDNVIEIGSNCPTNESNFLKKHSCDDNKEAMFLYRAARKLKQFLKMNISEDFNLHLLIVSEGTLKLLNCTGKVKERKAPSQGEGQPIKNLEENKLLKEQKKWNDLCFLRRLLEKMKTCWNKILRGAKDP	245282	309533	manatee_cdna_ont	iso_detect_de_novo_spbu_long_genome_cdna_ont
Intergenic_contig_18545_pilon_+_249342_257640_257718_301890_301972_303366_303499_305302_305357_308460	NNC-298417	transcript_91747.known	contig_18545_pilon	+	5476	6	Intergenic	novelGene_26160	novel	NA	NA	NA	NA	NA	NA	multi-exon	FALSE	canonical	0	0	junction_1	22.6944927240069	77	0	NA	FALSE	0	NA	NA	A	coding	157	474	4050	4523	249332	308580	FALSE	35	CTACCAGATTCATTTAATGA	NA	NA	NA	NA	NA	NA	NA	MFHASSDCDIEGRKGNEYEKVLMISINRLDNVIEIGSNCPTNESNFLKKHSCDDNKEAMFLYRAARKLKQFLKMNISEDFNLHLLIVSEGTLKLLNCTGKVKERKAPSQGEGQPIKNLEENKLLKEQKKWNDLCFLRRLLEKMKTCWNKILRGAKDP	245282	309533	manatee_cdna_ont	iso_detect_de_novo_spbu_long_genome_cdna_ont
Intergenic_contig_18545_pilon_+_249342_257583_257718_301890_301972_303366_305357_308460	NNC-298416	transcript_91751.known	contig_18545_pilon	+	7337	5	Intergenic	novelGene_26161	novel	NA	NA	NA	NA	NA	NA	multi-exon	FALSE	canonical	4	17	junction_4	18.1297407593159	76	0	NA	FALSE	0	NA	NA	A	coding	121	366	4050	4415	249332	303507	TRUE	35	CTACCAGATTCATTTAATGA	NA	NA	NA	NA	NA	NA	NA	MFHVSFRYIFGIPPLILVLLPAASSDCDIEGRKGNEYEKVLMISINRLDNVIEIGSNCPTNESNFLKKHSCDDNKEAMFLYRAARKLKQFLKMNISEDFNLHLLIVSEGTLKLLNCTGKVS	245282	309533	manatee_cdna_ont	iso_detect_de_novo_spbu_long_genome_cdna_ont
Intergenic_contig_14815_pilon_-_17319_18316_18448_19747_19901_20917_21111_22059_22112_22702_22765_23250	NNC-130498	528472	contig_14815_pilon	-	1508	7	Intergenic	novelGene_127205	novel	NA	NA	NA	NA	NA	NA	multi-exon	FALSE	canonical	5	686	junction_1	102.115403125853	1691	3	NA	FALSE	0	NA	NA	A	coding	262	789	72	860	22749	17106	FALSE	15	TTTTTTTCTGTGCCTGATAA	NA	NA	NA	NA	NA	NA	NA	MAAAPELNGDVMNYYSDNEDNLFFETDGPKQMKCCFQDLDLCSPGDGGIRLQISQQHHNRSFKRVVSVIVAVEKLKTILVPCSQSFLTTIFSFIFEEEPINYDDAYECDAAVLSLNCRLRDIDQKCLVLSGPCELQALHLNEQDIDRQVVFSMIFVQGEINQEKIPVALGLRGKNVYLSCVMSNGKPTLQLETVDPKRYPRKKMEKRFVFNKLQVKDKLEFESAEYPNWYISTSQMEEMPVFLGNTRGGQDITDFTMEEISS	23306	16457	ont_cdna_manatee	iso_detect_de_novo_birol_ont
Intergenic_contig_14815_pilon_-_17319_18316_18448_19747	ISM-113495	537239	contig_14815_pilon	-	2038	3	Intergenic	novelGene_127209	novel	NA	NA	NA	NA	NA	NA	multi-exon	FALSE	canonical	5	686	junction_1	108.5	2	26	NA	FALSE	0	NA	NA	A	coding	207	624	1007	1630	20027	17106	FALSE	35	TGATCTACTTAATATAATTC	NA	NA	NA	NA	NA	NA	NA	MLQSNFVCTCSGFIQEAKFCDLMLSDLPFRLSAYTTCVFHISEPINYDDAYECDAAVLSLNCRLRDIDQKCLVLSGPCELQALHLNEQDIDRQVVFSMIFVQGEINQEKIPVALGLRGKNVYLSCVMSNGKPTLQLETVDPKRYPRKKMEKRFVFNKLQVKDKLEFESAEYPNWYISTSQMEEMPVFLGNTRGGQDITDFTMEEISS	21033	16697	ont_cdna_manatee	iso_detect_de_novo_birol_ont
Intergenic_contig_12137_pilon_+_358596_358875_359024_371703_371855_372605_372876_374809	FSM-11716	665100	contig_12137_pilon	+	2398	5	Intergenic	novelGene_158622	novel	NA	NA	NA	NA	NA	NA	multi-exon	FALSE	canonical	4	141	junction_1	34.9383385409209	852	7	NA	FALSE	0	NA	NA	A	coding	243	732	105	836	358583	374959	FALSE	60	TGAGAAGATAGAAGTAAAAA	NA	NA	NA	NA	NA	NA	NA	MTPECFNMKIIGGREVSPHSMPFMASIQYDGTHVCGGVLIHQQWILTAAHCQLHFAKGKSPKVVLGAHSLSKNEASKQIFEIKKLIPFSRFKSDPKSNDIMLIKLHTAAKLDKNVQLLHIRFKNDIRAGTKCQVAGWGTTEPDSLSPSDTLQKVTVTVISRKLCNSQSYYNHNPIITKDMVCAGDTKGQKDSCRGDSGGPLICKGVFCAIVSGGHKCGEAKKPGIYTLLTKKYEAWIKSKLAS	358478	376521	ont_cdna_manatee	iso_detect_de_novo_birol_ont
Intergenic_contig_14815_pilon_-_16737_17086_17319_18316_18448_19747_19901_20917_21111_22059_22112_22702_22765_23250	NNC-130497	706905	contig_14815_pilon	-	1158	8	Intergenic	novelGene_127206	novel	NA	NA	NA	NA	NA	NA	multi-exon	FALSE	canonical	0	0	junction_1	297.57516628885	3	3	1	FALSE	0	NA	NA	A	coding	262	789	72	860	22749	17106	TRUE	15	TTTTTTTCTGTGCCTGATAA	NA	NA	NA	NA	NA	NA	NA	MAAAPELNGDVMNYYSDNEDNLFFETDGPKQMKCCFQDLDLCSPGDGGIRLQISQQHHNRSFKRVVSVIVAVEKLKTILVPCSQSFLTTIFSFIFEEEPINYDDAYECDAAVLSLNCRLRDIDQKCLVLSGPCELQALHLNEQDIDRQVVFSMIFVQGEINQEKIPVALGLRGKNVYLSCVMSNGKPTLQLETVDPKRYPRKKMEKRFVFNKLQVKDKLEFESAEYPNWYISTSQMEEMPVFLGNTRGGQDITDFTMEEISS	23306	16457	ont_cdna_manatee	iso_detect_de_novo_birol_ont
Intergenic_contig_14815_pilon_-_17319_18316_18448_19747_19901_20917_21111_22059_22112_22702_22765_23250	NNC-130498	759997	contig_14815_pilon	-	1495	7	Intergenic	novelGene_127208	novel	NA	NA	NA	NA	NA	NA	multi-exon	FALSE	canonical	5	686	junction_1	102.115403125853	1	65	1	FALSE	0	NA	NA	A	coding	262	789	71	859	22749	17106	FALSE	30	CACTGAAAATTATTTTTTTC	NA	NA	NA	NA	NA	NA	NA	MAAAPELNGDVMNYYSDNEDNLFFETDGPKQMKCCFQDLDLCSPGDGGIRLQISQQHHNRSFKRVVSVIVAVEKLKTILVPCSQSFLTTIFSFIFEEEPINYDDAYECDAAVLSLNCRLRDIDQKCLVLSGPCELQALHLNEQDIDRQVVFSMIFVQGEINQEKIPVALGLRGKNVYLSCVMSNGKPTLQLETVDPKRYPRKKMEKRFVFNKLQVKDKLEFESAEYPNWYISTSQMEEMPVFLGNTRGGQDITDFTMEEISS	23305	16469	ont_cdna_manatee	iso_detect_de_novo_birol_ont
Intergenic_contig_6343_pilon_-_284695_289630	NIC-121112	811333	contig_6343_pilon	-	1447	2	Intergenic	novelGene_175944	novel	NA	NA	NA	NA	NA	NA	multi-exon	FALSE	canonical	0	0	junction_1	0	241	3	NA	FALSE	0	NA	NA	A	coding	222	669	32	700	289685	284081	FALSE	20	TTTTAAACTTTGACTCCCTC	NA	NA	NA	NA	NA	NA	NA	SAENSDDYDLMYVNLDNEIDNGIHSTEERCETAILFPMRSKKIFGSVHPVTPMKLESFSACLWVKATDVFNKTILFSYGTKRNPYEIQLYLSYQSTVLVVGGEGNRLVADTVISVGRWTHLCGTWASETGRMSLWVNGELAATAVKMVPGHVVPEGGILQIGQEKNGCCVGGGFDETLAFSGRLTGFNIWDHVLSHEEIRETGEAESCHLRGNVVGWGVTEIQPHGGAQYIL	289716	283333	ont_cdna_manatee	iso_detect_de_novo_birol_ont
Intergenic_contig_10129_pilon_+_179247_180347_180416_180523_180566_182560_182642_182916_182959_183796_184121_184855	NNC-123200	823347	contig_10129_pilon	+	1499	7	Intergenic	novelGene_128151	novel	NA	NA	NA	NA	NA	NA	multi-exon	FALSE	canonical	4	17	junction_1	3.94405318873308	44	2	NA	FALSE	0	NA	NA	A	coding	304	915	52	966	180362	185227	FALSE	30	AAGCTTCTGGACTTAGCAGA	NA	NA	NA	NA	NA	NA	NA	RQLQPSQPDTNQGKTTTMRIAVIYFCLLGIAYALPVKHQADSGSSEEKQLYSKYPDAVDTWLKPDPSYKQILLAPQNAVSSEETDDLKQETLPSKSSESQDQTDSVDDEDDGEQVDSQDPIDSDDTHEDDHTDDSNHSNESNHSDESDELVTDFPTDDPATSVFTPAVPTVDTYDGRGDSVVYRLRSKSKKIPRSDIQHPHATEEDSISQMESKMLDDAHKAIPVISSLKKPFDWDSYQQDSRETSQQDDHSVETHSQEQYKVYKLKANDVSSEHSDTIHSQEDSRVSDELHSREDKYYPDPKSEEEDKHLKFRISHELES	179209	185760	ont_cdna_manatee	iso_detect_de_novo_birol_ont
Intergenic_contig_12072_pilon_-_26108_27938_28074_31038_31099_31190	FSM-11703	860653	contig_12072_pilon	-	612	4	Intergenic	novelGene_177940	novel	NA	NA	NA	NA	NA	NA	multi-exon	FALSE	canonical	1	1	junction_1	1.4142135623731	32	1	NA	FALSE	0	NA	NA	A	coding	108	327	10	336	31211	25997	FALSE	45	ATGAAAACAATCCTAGGTAT	NA	NA	NA	NA	NA	NA	NA	DLRMLLVRVKNYEPRRLSMMFTFKFNMPKKATELKHLQCLVEELKPLEDVLNVAPSKQNTRELISNINVTALELQGSKTPFMCEYDDKAATIEEFLNNWIAFCQRIISTLT	31220	25720	ont_cdna_manatee	iso_detect_de_novo_birol_ont
Intergenic_contig_14815_pilon_-_17319_18316	ISM-113494	871667	contig_14815_pilon	-	3783	2	Intergenic	novelGene_127201	novel	NA	NA	NA	NA	NA	NA	multi-exon	FALSE	canonical	6	686	junction_1	0	19	1	NA	FALSE	0	NA	NA	A	coding	110	333	2803	3135	18436	17106	FALSE	15	TTTTTTTCTGTGCCTGATAA	NA	NA	NA	NA	NA	NA	NA	MIFVQGEINQEKIPVALGLRGKNVYLSCVMSNGKPTLQLETVDPKRYPRKKMEKRFVFNKLQVKDKLEFESAEYPNWYISTSQMEEMPVFLGNTRGGQDITDFTMEEISS	21238	16457	ont_cdna_manatee	iso_detect_de_novo_birol_ont
Intergenic_contig_14815_pilon_-_17319_18316_18448_19747_19901_20917_21111_22059_22112_22702_22765_23250	NNC-130498	881947	contig_14815_pilon	-	1488	7	Intergenic	novelGene_127203	novel	NA	NA	NA	NA	NA	NA	multi-exon	FALSE	canonical	5	686	junction_1	102.115403125853	1757	1	NA	FALSE	0	NA	NA	A	coding	262	789	52	840	22749	17106	FALSE	15	TTTTTTTCTGTGCCTGATAA	NA	NA	NA	NA	NA	NA	NA	NRPLQDSLRIAQVSEAAMAAAPELNGDVMNYYSDNEDNLFFETDGPKQMKCCFQDLDLCSPGDGGIRLQISQQHHNRSFKRVVSVIVAVEKLKTILVPCSQSFLTTIFSFIFEEEPINYDDAYECDAAVLSLNCRLRDIDQKCLVLSGPCELQALHLNEQDIDRQVVFSMIFVQGEINQEKIPVALGLRGKNVYLSCVMSNGKPTLQLETVDPKRYPRKKMEKRFVFNKLQVKDKLEFESAEYPNWYISTSQMEEMPVFLGNTRGGQDITDFTMEEISS	23286	16457	ont_cdna_manatee	iso_detect_de_novo_birol_ont
Intergenic_contig_14815_pilon_-_17319_18316_18448_19747_19901_20917_21111_22059_22112_22702	ISM-113496	882014	contig_14815_pilon	-	2223	6	Intergenic	novelGene_127200	novel	NA	NA	NA	NA	NA	NA	multi-exon	TRUE	canonical	5	686	junction_1	104.33676245696	306	5	NA	FALSE	0	NA	NA	A	coding	251	756	30	785	22716	17106	FALSE	75	AAAAAGAAAAAAACAGGCAA	NA	NA	NA	NA	NA	NA	NA	AAPELNGDVMNYYSDNEDNLFFETDGPKQMKCCFQDLDLCSPGDGGIRLQISQQHHNRSFKRVVSVIVAVEKLKTILVPCSQSFLTTIFSFIFEEEPINYDDAYECDAAVLSLNCRLRDIDQKCLVLSGPCELQALHLNEQDIDRQVVFSMIFVQGEINQEKIPVALGLRGKNVYLSCVMSNGKPTLQLETVDPKRYPRKKMEKRFVFNKLQVKDKLEFESAEYPNWYISTSQMEEMPVFLGNTRGGQDITDFTMEEISS	22745	15667	ont_cdna_manatee	iso_detect_de_novo_birol_ont
Intergenic_contig_14815_pilon_-_17319_18316_18448_19747_19901_20917_21111_22059_22112_22702	ISM-113496	882874	contig_14815_pilon	-	1865	6	Intergenic	novelGene_127202	novel	NA	NA	NA	NA	NA	NA	multi-exon	FALSE	canonical	5	686	junction_1	104.33676245696	3	1	NA	FALSE	0	NA	NA	A	coding	262	789	429	1217	22749	17106	FALSE	15	TTTTTTTCTGTGCCTGATAA	NA	NA	NA	NA	NA	NA	NA	MAAAPELNGDVMNYYSDNEDNLFFETDGPKQMKCCFQDLDLCSPGDGGIRLQISQQHHNRSFKRVVSVIVAVEKLKTILVPCSQSFLTTIFSFIFEEEPINYDDAYECDAAVLSLNCRLRDIDQKCLVLSGPCELQALHLNEQDIDRQVVFSMIFVQGEINQEKIPVALGLRGKNVYLSCVMSNGKPTLQLETVDPKRYPRKKMEKRFVFNKLQVKDKLEFESAEYPNWYISTSQMEEMPVFLGNTRGGQDITDFTMEEISS	23177	16457	ont_cdna_manatee	iso_detect_de_novo_birol_ont
Intergenic_contig_7963_pilon_+_246455_246507_246877_247359_247475_247606_247738_248514_248721_249146_249345_250120_250250_250407_250597_251106_251281_251519_251683_251956_252094_252903	NNC-145259	888959	contig_7963_pilon	+	2728	12	Intergenic	novelGene_58551	novel	NA	NA	NA	NA	NA	NA	multi-exon	FALSE	canonical	0	0	junction_1	163.745064905761	915	8	1	FALSE	0	NA	NA	A	coding	549	1650	672	2321	247365	253116	FALSE	5	GTTTCTAGTGTGTTTCTGGT	NA	NA	NA	NA	NA	NA	NA	MAIPFFTGRLADWVLQDGAAPAFTRNITFMSLLTIASAVLEFLGDGIYGSTMGHMHSRLQGDVFQAVLRQETEFFQQNQTGAITSRVTEDTSTLSESLSEKLNLLMWYLVRGLCLLGLMLWESLTLTMVTLVTLPLLFLLPKKLGKWEQLLAVRVQKSLAESSQVAIEALSAMPTVRSFANEEGEDRRFRQKLQEMKTLNKQEALAYAVTYWTTSISGMLLKVGILYIGGQLVTSGTVSSGNLVAFVLYQIQFTTAIEVLLNTYPSVQKAVGSSEKIFEYLDRTPCCPASGPLASLNLEGYVQFQDVSFAYPTQPDVPVLKGLTFTLSPGEVTALVGTNGSGKSTVAALLQNLYQPTGGQLLLDGKPLPQYEHRYLHKQVAAVGQEPQIFGRSFRENIAYGMTQEPDMEEITAAAKESGAHSFISVLPQGYNTEVGEAGGQLSGGQRQAVALARALIRKPRVLILDDATSALDADNQSRVEQLLYDSPHRFSRSVLLITQRLSLVQRANQILFLEEGTISEARTHQQLMENGGRYWAMVQAPEGPDAPE	246157	253523	ont_cdna_manatee	iso_detect_de_novo_birol_ont
Intergenic_contig_14815_pilon_-_19901_20917	NIC-118574	890037	contig_14815_pilon	-	4684	2	Intergenic	novelGene_127199	novel	NA	NA	NA	NA	NA	NA	multi-exon	FALSE	canonical	5	900	junction_1	0	863	8	NA	FALSE	0	NA	NA	A	coding	131	396	1	396	21077	19665	FALSE	15	TTCCTCTGGCCTAGCAATTT	NA	NA	NA	NA	NA	NA	NA	GDGGIRLQISQQHHNRSFKRVVSVIVAVEKLKTILVPCSQSFLTTIFSFIFEEEPINYDDAYECDAAVLSLNCRLRDIDQKCLVLSGPCELQALHLNEQDIDRQGNLGHLAFPSWPPGNLLILHIFNKVGH	21077	15376	ont_cdna_manatee	iso_detect_de_novo_birol_ont
Intergenic_contig_14815_pilon_-_18448_19747_19901_20917_21111_22059_22112_22702_22765_23250	NNC-130500	892549	contig_14815_pilon	-	2506	6	Intergenic	novelGene_127207	novel	NA	NA	NA	NA	NA	NA	multi-exon	FALSE	canonical	5	705	junction_3	95.0675549280616	95	2	NA	FALSE	0	NA	NA	A	coding	226	681	72	752	22749	18212	FALSE	15	TTTTTTTCTGTGCCTGATAA	NA	NA	NA	NA	NA	NA	NA	MAAAPELNGDVMNYYSDNEDNLFFETDGPKQMKCCFQDLDLCSPGDGGIRLQISQQHHNRSFKRVVSVIVAVEKLKTILVPCSQSFLTTIFSFIFEEEPINYDDAYECDAAVLSLNCRLRDIDQKCLVLSGPCELQALHLNEQDIDRQVVFSMIFVQGEINQEKIPVALGLRGKNVYLSCVMSNGKPTLQLEVSEYQRLRVLLRHPSKHPHHHLLPRQPPSPSQKI	23306	16457	ont_cdna_manatee	iso_detect_de_novo_birol_ont
Intergenic_contig_7963_pilon_+_246877_247359_247475_247606_247738_248514_248721_249146_249345_250120_250250_250407_250597_251106_251281_251519_251683_251956_252094_252903	NNC-145266	894264	contig_7963_pilon	+	2848	11	Intergenic	novelGene_58546	novel	NA	NA	NA	NA	NA	NA	multi-exon	FALSE	canonical	5	210	junction_9	113.761197251084	943	4	NA	FALSE	0	NA	NA	A	coding	520	1563	886	2448	247452	253116	FALSE	15	TACAGTGGTTTCTAGTGTGT	NA	NA	NA	NA	NA	NA	NA	MSLLTIASAVLEFLGDGIYGSTMGHMHSRLQGDVFQAVLRQETEFFQQNQTGAITSRVTEDTSTLSESLSEKLNLLMWYLVRGLCLLGLMLWESLTLTMVTLVTLPLLFLLPKKLGKWEQLLAVRVQKSLAESSQVAIEALSAMPTVRSFANEEGEDRRFRQKLQEMKTLNKQEALAYAVTYWTTSISGMLLKVGILYIGGQLVTSGTVSSGNLVAFVLYQIQFTTAIEVLLNTYPSVQKAVGSSEKIFEYLDRTPCCPASGPLASLNLEGYVQFQDVSFAYPTQPDVPVLKGLTFTLSPGEVTALVGTNGSGKSTVAALLQNLYQPTGGQLLLDGKPLPQYEHRYLHKQVAAVGQEPQIFGRSFRENIAYGMTQEPDMEEITAAAKESGAHSFISVLPQGYNTEVGEAGGQLSGGQRQAVALARALIRKPRVLILDDATSALDADNQSRVEQLLYDSPHRFSRSVLLITQRLSLVQRANQILFLEEGTISEARTHQQLMENGGRYWAMVQAPEGPDAPE	246083	253516	ont_cdna_manatee	iso_detect_de_novo_birol_ont
Intergenic_contig_6299_pilon_+_952879_956535_956846_960604_960796_961448_961597_961938_962110_963194_963376_964792_965713_966637_966820_967778	NNC-141786	906617	contig_6299_pilon	+	3617	9	Intergenic	novelGene_172940	novel	NA	NA	NA	NA	NA	NA	multi-exon	FALSE	canonical	5	47	junction_8	84.2502781894517	280	8	1	FALSE	0	NA	NA	A	coding	785	2358	224	2581	956551	968048	FALSE	20	CAAATCTTGATGTTTTGTGT	NA	NA	NA	NA	NA	NA	NA	MAEQLLPLALYLSNMRKAVKIRERTPEDIFKPTNGIIHHFKTMHRYTLEMFRTCQFCPQFREIIHKALIDRNIQASLESQRKLNWCREVRKLVALKTNGDGNCLMHAASQYMWGVQDTDLVLRKALFSTLKETDTRNFKFRWQLESLKSQEFVETGLCYDTRNWNDEWDNLVKMASTDTPGARGGFQYHSLEEIHIFVLCNILRRPIIVISDKMLRSLESGSNFAPLKVGGIYLPLHWPAQECYRYPIVLGYDSQHFVPLVTLKDSGPEIRAVPLVNRDRGRFEDLKVHFLTDPENEMKEKLLKEYLMVIEIPVQGWDLGTTHLINAAKLDEANLPKEINLVDDYFELVQHEYKKWQENNQQGRREMHVQNPLEPSMPQLSLMDVKCETPNCPFFMSVNTQPLCHECSERWQKNKNKPPKLNCKLGPEAPPGMALGASRGEACEPLVWTPEEPAGGPHSAPPTAPSLFLFSETTAMKCRSPGCPFTLNVQHNGFCERCHNAQQLNTSRNVDPKRHLDAGKCRACLQDATRTFNGICSTCFKRTTTEPSSSLGPSALPSCHQRSKSDPSQLTQSLSPHSCHRAGGEAPSGCLSQAARTPEDRTGTSKCRKAGCMYFGTPENKGFCTLCFIEYSENKHFVAASGKANPTASRFQNTVPCLGRECGTLGSTMFEGYCQKCFIEAQNQRFHEAKRTEEQLRSSQRRDVARTTQSSSRPKCARASCKNILACRNEELCMECQHLSQRVAPAPLRGEPAPEEPPQAALPGPCLRALRQHQVQRLLQRVLSV	952670	969084	ont_cdna_manatee	iso_detect_de_novo_birol_ont
Intergenic_contig_6299_pilon_+_956846_960604_961597_961938_962110_963194_963376_964792_965713_966637_966820_967778	NNC-141787	917669	contig_6299_pilon	+	3988	7	Intergenic	novelGene_172942	novel	NA	NA	NA	NA	NA	NA	multi-exon	FALSE	canonical	5	47	junction_6	85.6843366990464	293	14	1	FALSE	0	NA	NA	A	coding	612	1839	1114	2952	961482	968048	FALSE	20	CAAATCTTGATGTTTTGTGT	NA	NA	NA	NA	NA	NA	NA	MASTDTPGARGGFQYHSLEEIHIFVLCNILRRPIIVISDKMLRSLESGSNFAPLKVGGIYLPLHWPAQECYRYPIVLGYDSQHFVPLVTLKDSGPEIRAVPLVNRDRGRFEDLKVHFLTDPENEMKEKLLKEYLMVIEIPVQGWDLGTTHLINAAKLDEANLPKEINLVDDYFELVQHEYKKWQENNQQGRREMHVQNPLEPSMPQLSLMDVKCETPNCPFFMSVNTQPLCHECSERWQKNKNKPPKLNCKLGPEAPPGMALGASRGEACEPLVWTPEEPAGGPHSAPPTAPSLFLFSETTAMKCRSPGCPFTLNVQHNGFCERCHNAQQLNTSRNVDPKRHLDAGKCRACLQDATRTFNGICSTCFKRTTTEPSSSLGPSALPSCHQRSKSDPSQLTQSLSPHSCHRAGGEAPSGCLSQAARTPEDRTGTSKCRKAGCMYFGTPENKGFCTLCFIEYSENKHFVAASGKANPTASRFQNTVPCLGRECGTLGSTMFEGYCQKCFIEAQNQRFHEAKRTEEQLRSSQRRDVARTTQSSSRPKCARASCKNILACRNEELCMECQHLSQRVAPAPLRGEPAPEEPPQAALPGPCLRALRQHQVQRLLQRVLSV	956609	969084	ont_cdna_manatee	iso_detect_de_novo_birol_ont
Intergenic_contig_7963_pilon_+_246455_246507_246877_247359_247475_247606_247738_248514_248721_249146_249345_250120_250250_250407_250597_251106_251281_251519_251683_251956_252094_252903	NNC-145259	4731	contig_7963_pilon	+	2728	12	Intergenic	novelGene_112687	novel	NA	NA	NA	NA	NA	NA	multi-exon	FALSE	canonical	0	0	junction_1	163.745064905761	6166	9	1	FALSE	0	NA	NA	A	coding	549	1650	672	2321	247365	253116	FALSE	5	GTTTCTAGTGTGTTTCTGGT	NA	NA	NA	NA	NA	NA	NA	MAIPFFTGRLADWVLQDGAAPAFTRNITFMSLLTIASAVLEFLGDGIYGSTMGHMHSRLQGDVFQAVLRQETEFFQQNQTGAITSRVTEDTSTLSESLSEKLNLLMWYLVRGLCLLGLMLWESLTLTMVTLVTLPLLFLLPKKLGKWEQLLAVRVQKSLAESSQVAIEALSAMPTVRSFANEEGEDRRFRQKLQEMKTLNKQEALAYAVTYWTTSISGMLLKVGILYIGGQLVTSGTVSSGNLVAFVLYQIQFTTAIEVLLNTYPSVQKAVGSSEKIFEYLDRTPCCPASGPLASLNLEGYVQFQDVSFAYPTQPDVPVLKGLTFTLSPGEVTALVGTNGSGKSTVAALLQNLYQPTGGQLLLDGKPLPQYEHRYLHKQVAAVGQEPQIFGRSFRENIAYGMTQEPDMEEITAAAKESGAHSFISVLPQGYNTEVGEAGGQLSGGQRQAVALARALIRKPRVLILDDATSALDADNQSRVEQLLYDSPHRFSRSVLLITQRLSLVQRANQILFLEEGTISEARTHQQLMENGGRYWAMVQAPEGPDAPE	246157	253523	ont_illumina_cdna_manatee	iso_detect_de_novo_birol_ont_illumina
Intergenic_contig_7963_pilon_+_246877_247359_247475_247606_247738_248514_248721_249146_249345_250120_250250_250407_250597_251106_251281_251519_251683_251956_252094_252903	NNC-145266	7044	contig_7963_pilon	+	2848	11	Intergenic	novelGene_112683	novel	NA	NA	NA	NA	NA	NA	multi-exon	FALSE	canonical	5	210	junction_9	113.761197251084	6021	3	NA	FALSE	0	NA	NA	A	coding	520	1563	886	2448	247452	253116	FALSE	15	TACAGTGGTTTCTAGTGTGT	NA	NA	NA	NA	NA	NA	NA	MSLLTIASAVLEFLGDGIYGSTMGHMHSRLQGDVFQAVLRQETEFFQQNQTGAITSRVTEDTSTLSESLSEKLNLLMWYLVRGLCLLGLMLWESLTLTMVTLVTLPLLFLLPKKLGKWEQLLAVRVQKSLAESSQVAIEALSAMPTVRSFANEEGEDRRFRQKLQEMKTLNKQEALAYAVTYWTTSISGMLLKVGILYIGGQLVTSGTVSSGNLVAFVLYQIQFTTAIEVLLNTYPSVQKAVGSSEKIFEYLDRTPCCPASGPLASLNLEGYVQFQDVSFAYPTQPDVPVLKGLTFTLSPGEVTALVGTNGSGKSTVAALLQNLYQPTGGQLLLDGKPLPQYEHRYLHKQVAAVGQEPQIFGRSFRENIAYGMTQEPDMEEITAAAKESGAHSFISVLPQGYNTEVGEAGGQLSGGQRQAVALARALIRKPRVLILDDATSALDADNQSRVEQLLYDSPHRFSRSVLLITQRLSLVQRANQILFLEEGTISEARTHQQLMENGGRYWAMVQAPEGPDAPE	246083	253516	ont_illumina_cdna_manatee	iso_detect_de_novo_birol_ont_illumina
Intergenic_contig_14815_pilon_-_17319_18316_18448_19747	ISM-113495	11721	contig_14815_pilon	-	2038	3	Intergenic	novelGene_147784	novel	NA	NA	NA	NA	NA	NA	multi-exon	FALSE	canonical	5	686	junction_1	108.5	3052	24	NA	FALSE	0	NA	NA	A	coding	207	624	1007	1630	20027	17106	FALSE	35	TGATCTACTTAATATAATTC	NA	NA	NA	NA	NA	NA	NA	MLQSNFVCTCSGFIQEAKFCDLMLSDLPFRLSAYTTCVFHISEPINYDDAYECDAAVLSLNCRLRDIDQKCLVLSGPCELQALHLNEQDIDRQVVFSMIFVQGEINQEKIPVALGLRGKNVYLSCVMSNGKPTLQLETVDPKRYPRKKMEKRFVFNKLQVKDKLEFESAEYPNWYISTSQMEEMPVFLGNTRGGQDITDFTMEEISS	21033	16697	ont_illumina_cdna_manatee	iso_detect_de_novo_birol_ont_illumina
Intergenic_contig_14815_pilon_-_17319_18316_18448_19747_19901_20917_21077_21948_22112_22702_22765_23250	NNC-250681	20616	contig_14815_pilon	-	1585	7	Intergenic	novelGene_147780	novel	NA	NA	NA	NA	NA	NA	multi-exon	FALSE	non_canonical	0	0	junction_4	321.359827745922	6729	22	1	FALSE	0	NA	NA	A	coding	110	333	605	937	18436	17106	FALSE	15	TTTTTTTCTGTGCCTGATAA	NA	NA	NA	NA	NA	NA	NA	MIFVQGEINQEKIPVALGLRGKNVYLSCVMSNGKPTLQLETVDPKRYPRKKMEKRFVFNKLQVKDKLEFESAEYPNWYISTSQMEEMPVFLGNTRGGQDITDFTMEEISS	23306	16457	ont_illumina_cdna_manatee	iso_detect_de_novo_birol_ont_illumina
Intergenic_contig_12137_pilon_+_358596_358875_359024_371703_371855_372605_372876_374809	FSM-11716	25374	contig_12137_pilon	+	2414	5	Intergenic	novelGene_165455	novel	NA	NA	NA	NA	NA	NA	multi-exon	FALSE	canonical	4	141	junction_1	34.9383385409209	3092	6	NA	FALSE	0	NA	NA	A	coding	243	732	121	852	358583	374959	FALSE	60	TGAGAAGATAGAAGTAAAAA	NA	NA	NA	NA	NA	NA	NA	MTPECFNMKIIGGREVSPHSMPFMASIQYDGTHVCGGVLIHQQWILTAAHCQLHFAKGKSPKVVLGAHSLSKNEASKQIFEIKKLIPFSRFKSDPKSNDIMLIKLHTAAKLDKNVQLLHIRFKNDIRAGTKCQVAGWGTTEPDSLSPSDTLQKVTVTVISRKLCNSQSYYNHNPIITKDMVCAGDTKGQKDSCRGDSGGPLICKGVFCAIVSGGHKCGEAKKPGIYTLLTKKYEAWIKSKLAS	358462	376521	ont_illumina_cdna_manatee	iso_detect_de_novo_birol_ont_illumina
Intergenic_contig_18545_pilon_+_249342_257583_257718_301890_301972_303366_303499_305302_305357_308460	NNC-252608	42432	contig_18545_pilon	+	2096	6	Intergenic	novelGene_159055	novel	NA	NA	NA	NA	NA	NA	multi-exon	FALSE	canonical	4	17	junction_5	17.8661691473018	754	4	NA	FALSE	0	NA	NA	A	coding	176	531	615	1145	249332	308580	FALSE	35	CACTACCAGATTCATTTAAT	NA	NA	NA	NA	NA	NA	NA	MFHVSFRYIFGIPPLILVLLPAASSDCDIEGRKGNEYEKVLMISINRLDNVIEIGSNCPTNESNFLKKHSCDDNKEAMFLYRAARKLKQFLKMNISEDFNLHLLIVSEGTLKLLNCTGKVKERKAPSQGEGQPIKNLEENKLLKEQKKWNDLCFLRRLLEKMKTCWNKILRGAKDP	248717	309531	ont_illumina_cdna_manatee	iso_detect_de_novo_birol_ont_illumina
Intergenic_contig_14815_pilon_-_16737_17086_17319_18316_18448_19747_19901_20917_21111_22059_22112_22702_22765_23250	NNC-130497	55689	contig_14815_pilon	-	1158	8	Intergenic	novelGene_147781	novel	NA	NA	NA	NA	NA	NA	multi-exon	FALSE	canonical	0	0	junction_1	297.57516628885	4334	2	1	FALSE	0	NA	NA	A	coding	262	789	72	860	22749	17106	TRUE	15	TTTTTTTCTGTGCCTGATAA	NA	NA	NA	NA	NA	NA	NA	MAAAPELNGDVMNYYSDNEDNLFFETDGPKQMKCCFQDLDLCSPGDGGIRLQISQQHHNRSFKRVVSVIVAVEKLKTILVPCSQSFLTTIFSFIFEEEPINYDDAYECDAAVLSLNCRLRDIDQKCLVLSGPCELQALHLNEQDIDRQVVFSMIFVQGEINQEKIPVALGLRGKNVYLSCVMSNGKPTLQLETVDPKRYPRKKMEKRFVFNKLQVKDKLEFESAEYPNWYISTSQMEEMPVFLGNTRGGQDITDFTMEEISS	23306	16457	ont_illumina_cdna_manatee	iso_detect_de_novo_birol_ont_illumina
Intergenic_contig_14815_pilon_-_17319_18316_18448_19747_19901_20917_21045_22059	NNC-250680	64666	contig_14815_pilon	-	1324	5	Intergenic	novelGene_147777	novel	NA	NA	NA	NA	NA	NA	multi-exon	FALSE	canonical	0	0	junction_4	369.873204625585	4084	5	1	FALSE	0	NA	NA	A	coding	209	630	47	676	22065	17106	FALSE	15	TTTTTTTCTGTGCCTGATAA	NA	NA	NA	NA	NA	NA	NA	DNEDNLFFETDGPKQMKQHHNRSFKRVVSVIVAVEKLKTILVPCSQSFLTTIFSFIFEEEPINYDDAYECDAAVLSLNCRLRDIDQKCLVLSGPCELQALHLNEQDIDRQVVFSMIFVQGEINQEKIPVALGLRGKNVYLSCVMSNGKPTLQLETVDPKRYPRKKMEKRFVFNKLQVKDKLEFESAEYPNWYISTSQMEEMPVFLGNTRGGQDITDFTMEEISS	22111	16457	ont_illumina_cdna_manatee	iso_detect_de_novo_birol_ont_illumina
Intergenic_contig_14815_pilon_-_17319_18316_18448_19747_19901_20917_21111_22059_22112_22702	ISM-113496	76100	contig_14815_pilon	-	1433	6	Intergenic	novelGene_147778	novel	NA	NA	NA	NA	NA	NA	multi-exon	FALSE	canonical	5	686	junction_1	104.33676245696	571	45	2	FALSE	0	NA	NA	A	coding	251	756	30	785	22716	17106	FALSE	15	TTTTTTTCTGTGCCTGATAA	NA	NA	NA	NA	NA	NA	NA	AAPELNGDVMNYYSDNEDNLFFETDGPKQMKCCFQDLDLCSPGDGGIRLQISQQHHNRSFKRVVSVIVAVEKLKTILVPCSQSFLTTIFSFIFEEEPINYDDAYECDAAVLSLNCRLRDIDQKCLVLSGPCELQALHLNEQDIDRQVVFSMIFVQGEINQEKIPVALGLRGKNVYLSCVMSNGKPTLQLETVDPKRYPRKKMEKRFVFNKLQVKDKLEFESAEYPNWYISTSQMEEMPVFLGNTRGGQDITDFTMEEISS	22745	16457	ont_illumina_cdna_manatee	iso_detect_de_novo_birol_ont_illumina
Intergenic_contig_14815_pilon_-_17319_18316_18440_19747_19901_20917_21111_22059_22140_23250	NNC-250679	90323	contig_14815_pilon	-	1463	6	Intergenic	novelGene_147783	novel	NA	NA	NA	NA	NA	NA	multi-exon	FALSE	non_canonical	0	0	junction_2	381.545488769033	1633	52	2	FALSE	0	NA	NA	A	coding	149	450	131	580	22065	18342	TRUE	10	TTATTTTTTTCTGTGCCTGA	NA	NA	NA	NA	NA	NA	NA	ANLLEAQQATPGFSPHCSVEQCLCFYYSDNEDNLFFETDGPKQMKCCFQDLDLCSPGDGGIRLQISQQHHNRSFKRVVSVIVAVEKLKTILVPCSQSFLTTIFSFIFEEEPINYDDAYECDAAVLSLNCRLRDIDQKCLVLSGPCELQALHLNEQDIDRQVHDLCARRNKSREDTCGLGPQGKECVPVLCDE	23306	16460	ont_illumina_cdna_manatee	iso_detect_de_novo_birol_ont_illumina
Intergenic_contig_10129_pilon_+_179247_180347_180416_180523_180566_182560_182642_182916_182959_183796_184121_184855	NNC-123200	102971	contig_10129_pilon	+	1422	7	Intergenic	novelGene_84901	novel	NA	NA	NA	NA	NA	NA	multi-exon	FALSE	canonical	4	17	junction_1	3.94405318873308	268	1	NA	FALSE	0	NA	NA	A	coding	304	915	52	966	180362	185227	FALSE	10	GTTGATGGTGTCAGGTGCTT	NA	NA	NA	NA	NA	NA	NA	RQLQPSQPDTNQGKTTTMRIAVIYFCLLGIAYALPVKHQADSGSSEEKQLYSKYPDAVDTWLKPDPSYKQILLAPQNAVSSEETDDLKQETLPSKSSESQDQTDSVDDEDDGEQVDSQDPIDSDDTHEDDHTDDSNHSNESNHSDESDELVTDFPTDDPATSVFTPAVPTVDTYDGRGDSVVYRLRSKSKKIPRSDIQHPHATEEDSISQMESKMLDDAHKAIPVISSLKKPFDWDSYQQDSRETSQQDDHSVETHSQEQYKVYKLKANDVSSEHSDTIHSQEDSRVSDELHSREDKYYPDPKSEEEDKHLKFRISHELES	179209	185683	ont_illumina_cdna_manatee	iso_detect_de_novo_birol_ont_illumina
Intergenic_contig_14815_pilon_-_17319_18316	ISM-113494	129588	contig_14815_pilon	-	3783	2	Intergenic	novelGene_147776	novel	NA	NA	NA	NA	NA	NA	multi-exon	FALSE	canonical	6	686	junction_1	0	5336	3	NA	FALSE	0	NA	NA	A	coding	110	333	2803	3135	18436	17106	FALSE	15	TTTTTTTCTGTGCCTGATAA	NA	NA	NA	NA	NA	NA	NA	MIFVQGEINQEKIPVALGLRGKNVYLSCVMSNGKPTLQLETVDPKRYPRKKMEKRFVFNKLQVKDKLEFESAEYPNWYISTSQMEEMPVFLGNTRGGQDITDFTMEEISS	21238	16457	ont_illumina_cdna_manatee	iso_detect_de_novo_birol_ont_illumina
Intergenic_contig_6299_pilon_+_952879_956535_956846_960604_960796_961448_961597_961938_962110_963194_963376_964792_965713_966637_966820_967778	NNC-141786	131267	contig_6299_pilon	+	3617	9	Intergenic	novelGene_169411	novel	NA	NA	NA	NA	NA	NA	multi-exon	FALSE	canonical	5	47	junction_8	84.2502781894517	5119	8	NA	FALSE	0	NA	NA	A	coding	785	2358	224	2581	956551	968048	FALSE	20	CAAATCTTGATGTTTTGTGT	NA	NA	NA	NA	NA	NA	NA	MAEQLLPLALYLSNMRKAVKIRERTPEDIFKPTNGIIHHFKTMHRYTLEMFRTCQFCPQFREIIHKALIDRNIQASLESQRKLNWCREVRKLVALKTNGDGNCLMHAASQYMWGVQDTDLVLRKALFSTLKETDTRNFKFRWQLESLKSQEFVETGLCYDTRNWNDEWDNLVKMASTDTPGARGGFQYHSLEEIHIFVLCNILRRPIIVISDKMLRSLESGSNFAPLKVGGIYLPLHWPAQECYRYPIVLGYDSQHFVPLVTLKDSGPEIRAVPLVNRDRGRFEDLKVHFLTDPENEMKEKLLKEYLMVIEIPVQGWDLGTTHLINAAKLDEANLPKEINLVDDYFELVQHEYKKWQENNQQGRREMHVQNPLEPSMPQLSLMDVKCETPNCPFFMSVNTQPLCHECSERWQKNKNKPPKLNCKLGPEAPPGMALGASRGEACEPLVWTPEEPAGGPHSAPPTAPSLFLFSETTAMKCRSPGCPFTLNVQHNGFCERCHNAQQLNTSRNVDPKRHLDAGKCRACLQDATRTFNGICSTCFKRTTTEPSSSLGPSALPSCHQRSKSDPSQLTQSLSPHSCHRAGGEAPSGCLSQAARTPEDRTGTSKCRKAGCMYFGTPENKGFCTLCFIEYSENKHFVAASGKANPTASRFQNTVPCLGRECGTLGSTMFEGYCQKCFIEAQNQRFHEAKRTEEQLRSSQRRDVARTTQSSSRPKCARASCKNILACRNEELCMECQHLSQRVAPAPLRGEPAPEEPPQAALPGPCLRALRQHQVQRLLQRVLSV	952670	969084	ont_illumina_cdna_manatee	iso_detect_de_novo_birol_ont_illumina
Intergenic_contig_14815_pilon_-_17319_18316_18448_19747_19901_20917_21111_22059_22112_22702	ISM-113496	140760	contig_14815_pilon	-	1863	6	Intergenic	novelGene_147782	novel	NA	NA	NA	NA	NA	NA	multi-exon	FALSE	canonical	5	686	junction_1	104.33676245696	6367	2	NA	FALSE	0	NA	NA	A	coding	262	789	429	1217	22749	17106	FALSE	10	TATTTTTTTCTGTGCCTGAT	NA	NA	NA	NA	NA	NA	NA	MAAAPELNGDVMNYYSDNEDNLFFETDGPKQMKCCFQDLDLCSPGDGGIRLQISQQHHNRSFKRVVSVIVAVEKLKTILVPCSQSFLTTIFSFIFEEEPINYDDAYECDAAVLSLNCRLRDIDQKCLVLSGPCELQALHLNEQDIDRQVVFSMIFVQGEINQEKIPVALGLRGKNVYLSCVMSNGKPTLQLETVDPKRYPRKKMEKRFVFNKLQVKDKLEFESAEYPNWYISTSQMEEMPVFLGNTRGGQDITDFTMEEISS	23177	16459	ont_illumina_cdna_manatee	iso_detect_de_novo_birol_ont_illumina
Intergenic_contig_14815_pilon_-_19901_20917	NIC-118574	143899	contig_14815_pilon	-	4684	2	Intergenic	novelGene_147773	novel	NA	NA	NA	NA	NA	NA	multi-exon	FALSE	canonical	5	900	junction_1	0	3396	9	NA	FALSE	0	NA	NA	A	coding	131	396	1	396	21077	19665	FALSE	15	TTCCTCTGGCCTAGCAATTT	NA	NA	NA	NA	NA	NA	NA	GDGGIRLQISQQHHNRSFKRVVSVIVAVEKLKTILVPCSQSFLTTIFSFIFEEEPINYDDAYECDAAVLSLNCRLRDIDQKCLVLSGPCELQALHLNEQDIDRQGNLGHLAFPSWPPGNLLILHIFNKVGH	21077	15376	ont_illumina_cdna_manatee	iso_detect_de_novo_birol_ont_illumina
Intergenic_contig_14815_pilon_-_18448_19747_19901_20917_21111_22059_22112_22702_22765_23250	NNC-130500	148939	contig_14815_pilon	-	3587	6	Intergenic	novelGene_147774	novel	NA	NA	NA	NA	NA	NA	multi-exon	TRUE	canonical	5	705	junction_3	95.0675549280616	7487	5	NA	FALSE	0	NA	NA	A	coding	226	681	72	752	22749	18212	FALSE	15	TTCCTCTGGCCTAGCAATTT	NA	NA	NA	NA	NA	NA	NA	MAAAPELNGDVMNYYSDNEDNLFFETDGPKQMKCCFQDLDLCSPGDGGIRLQISQQHHNRSFKRVVSVIVAVEKLKTILVPCSQSFLTTIFSFIFEEEPINYDDAYECDAAVLSLNCRLRDIDQKCLVLSGPCELQALHLNEQDIDRQVVFSMIFVQGEINQEKIPVALGLRGKNVYLSCVMSNGKPTLQLEVSEYQRLRVLLRHPSKHPHHHLLPRQPPSPSQKI	23306	15376	ont_illumina_cdna_manatee	iso_detect_de_novo_birol_ont_illumina
Intergenic_contig_7963_pilon_+_246877_247606_247738_248514_248721_249146_249345_250120_250250_250407_250597_251106_251281_251519_251683_251956_252094_252903	FSM-158881	160203	contig_7963_pilon	+	2721	10	Intergenic	novelGene_112684	novel	NA	NA	NA	NA	NA	NA	multi-exon	FALSE	canonical	4	10	junction_1	176.135750116596	4149	16	NA	FALSE	0	NA	NA	A	coding	712	2139	183	2321	246278	253116	FALSE	15	TACAGTGGTTTCTAGTGTGT	NA	NA	NA	NA	NA	NA	NA	SSHAQPVPRAFWEPRPGLSHSLLQPAVPAPARLKAPTEFDPAGTSENPGRDGTRSSACAPMASSGSPAPYGCLLLPRTCGAWLGATVLLLVDWVLLWRALPGIVFLLAPTVPPLLQVWAVGLGRWAVLWLGARGVLRATADSKSESAQGQGWLAALEPLAAALGLALPGLALFRELGSWGVPRNSDSTKLLHWASRPDALVLSYIAVLPAAVLWHKLESLWVHGGQGGFWRCGYSTTTLHRPGDTPLPAGSGPVDLLLSRAVLEFLGDGIYGSTMGHMHSRLQGDVFQAVLRQETEFFQQNQTGAITSRVTEDTSTLSESLSEKLNLLMWYLVRGLCLLGLMLWESLTLTMVTLVTLPLLFLLPKKLGKWEQLLAVRVQKSLAESSQVAIEALSAMPTVRSFANEEGEDRRFRQKLQEMKTLNKQEALAYAVTYWTTSISGMLLKVGILYIGGQLVTSGTVSSGNLVAFVLYQIQFTTAIEVLLNTYPSVQKAVGSSEKIFEYLDRTPCCPASGPLASLNLEGYVQFQDVSFAYPTQPDVPVLKGLTFTLSPGEVTALVGTNGSGKSTVAALLQNLYQPTGGQLLLDGKPLPQYEHRYLHKQVAAVGQEPQIFGRSFRENIAYGMTQEPDMEEITAAAKESGAHSFISVLPQGYNTEVGEAGGQLSGGQRQAVALARALIRKPRVLILDDATSALDADNQSRVEQLLYDSPHRFSRSVLLITQRLSLVQRANQILFLEEGTISEARTHQQLMENGGRYWAMVQAPEGPDAPE	246095	253516	ont_illumina_cdna_manatee	iso_detect_de_novo_birol_ont_illumina
Intergenic_contig_14815_pilon_-_17319_18316	ISM-113494	tx.1253	contig_14815_pilon	-	230	2	Intergenic	novelGene_553	novel	NA	NA	NA	NA	NA	NA	multi-exon	FALSE	canonical	6	686	junction_1	0	13	0	NA	FALSE	0	NA	NA	A	coding	72	216	14	229	18436	17223	FALSE	30	AGTACCCCAACTGGTACATC	NA	NA	NA	NA	NA	NA	NA	VVFSMIFVQGEINQEKIPVALGLRGKNVYLSCVMSNGKPTLQLETVDPKRYPRKKMEKRFVFNKLQVKDKLEFESA	18449	17221	manatee_cDNA_PacBio	iso_detect_de_novo_Bambu_cDNA_PacBio
